frame.time_epoch,ip.src,ip.dst,ip.len
"1629292459.657045000","10.0.0.2","10.0.0.10","554"
"1629292459.657453000","10.0.0.2","10.0.0.10","554"
"1629292461.658250000","10.0.0.2","10.0.0.10","554"
"1629292461.658507000","10.0.0.2","10.0.0.10","554"
"1629292463.660260000","10.0.0.2","10.0.0.10","554"
"1629292463.660490000","10.0.0.2","10.0.0.10","554"
"1629292465.660818000","10.0.0.2","10.0.0.10","554"
"1629292465.661048000","10.0.0.2","10.0.0.10","554"
"1629292467.661856000","10.0.0.2","10.0.0.10","554"
"1629292467.662094000","10.0.0.2","10.0.0.10","554"
"1629292469.663121000","10.0.0.2","10.0.0.10","554"
"1629292469.663376000","10.0.0.2","10.0.0.10","554"
"1629292471.664687000","10.0.0.2","10.0.0.10","554"
"1629292471.664892000","10.0.0.2","10.0.0.10","554"
"1629292473.665423000","10.0.0.2","10.0.0.10","554"
"1629292473.665625000","10.0.0.2","10.0.0.10","554"
"1629292475.666164000","10.0.0.2","10.0.0.10","554"
"1629292475.666360000","10.0.0.2","10.0.0.10","554"
"1629292477.666913000","10.0.0.2","10.0.0.10","554"
"1629292477.667141000","10.0.0.2","10.0.0.10","554"
"1629292479.669092000","10.0.0.2","10.0.0.10","554"
"1629292479.669679000","10.0.0.2","10.0.0.10","554"
"1629292481.670593000","10.0.0.2","10.0.0.10","554"
"1629292481.670923000","10.0.0.2","10.0.0.10","554"
"1629292483.673305000","10.0.0.2","10.0.0.10","554"
"1629292483.673518000","10.0.0.2","10.0.0.10","554"
"1629292485.675326000","10.0.0.2","10.0.0.10","554"
"1629292485.675617000","10.0.0.2","10.0.0.10","554"
"1629292487.676104000","10.0.0.2","10.0.0.10","554"
"1629292487.676387000","10.0.0.2","10.0.0.10","554"
"1629292489.677979000","10.0.0.2","10.0.0.10","554"
"1629292489.678223000","10.0.0.2","10.0.0.10","554"
"1629292491.679399000","10.0.0.2","10.0.0.10","554"
"1629292491.679698000","10.0.0.2","10.0.0.10","554"
"1629292493.679953000","10.0.0.2","10.0.0.10","554"
"1629292493.679983000","10.0.0.2","10.0.0.10","554"
"1629292495.681608000","10.0.0.2","10.0.0.10","554"
"1629292495.681924000","10.0.0.2","10.0.0.10","554"
"1629292497.683180000","10.0.0.2","10.0.0.10","554"
"1629292497.683559000","10.0.0.2","10.0.0.10","554"
"1629292499.684255000","10.0.0.2","10.0.0.10","554"
"1629292499.684572000","10.0.0.2","10.0.0.10","554"
"1629292501.685853000","10.0.0.2","10.0.0.10","554"
"1629292501.686183000","10.0.0.2","10.0.0.10","554"
"1629292503.687764000","10.0.0.2","10.0.0.10","554"
"1629292503.688129000","10.0.0.2","10.0.0.10","554"
"1629292505.689886000","10.0.0.2","10.0.0.10","554"
"1629292505.690240000","10.0.0.2","10.0.0.10","554"
"1629292507.691406000","10.0.0.2","10.0.0.10","554"
"1629292507.691712000","10.0.0.2","10.0.0.10","554"
"1629292509.693932000","10.0.0.2","10.0.0.10","554"
"1629292509.694287000","10.0.0.2","10.0.0.10","554"
"1629292511.695248000","10.0.0.2","10.0.0.10","554"
"1629292511.695323000","10.0.0.2","10.0.0.10","554"
"1629292513.697713000","10.0.0.2","10.0.0.10","554"
"1629292513.698044000","10.0.0.2","10.0.0.10","554"
"1629292515.698540000","10.0.0.2","10.0.0.10","554"
"1629292515.698892000","10.0.0.2","10.0.0.10","554"
"1629292517.699873000","10.0.0.2","10.0.0.10","554"
"1629292517.700267000","10.0.0.2","10.0.0.10","554"
"1629292519.702954000","10.0.0.2","10.0.0.10","554"
"1629292519.703319000","10.0.0.2","10.0.0.10","554"
"1629292521.705190000","10.0.0.2","10.0.0.10","554"
"1629292521.706127000","10.0.0.2","10.0.0.10","554"
"1629292523.706917000","10.0.0.2","10.0.0.10","554"
"1629292523.707147000","10.0.0.2","10.0.0.10","554"
"1629292525.707572000","10.0.0.2","10.0.0.10","554"
"1629292525.707925000","10.0.0.2","10.0.0.10","554"
"1629292527.709743000","10.0.0.2","10.0.0.10","554"
"1629292527.711040000","10.0.0.2","10.0.0.10","554"
"1629292529.712121000","10.0.0.2","10.0.0.10","554"
"1629292529.712486000","10.0.0.2","10.0.0.10","554"
